region,pop_mean,poplt5_mean,pop5_17_mean,pop18p_mean,pop65p_mean,popurban_mean,medage_mean,death_mean,marriage_mean,divorce_mean,pop_sd,poplt5_sd,pop5_17_sd,pop18p_sd,pop65p_sd,popurban_sd,medage_sd,death_sd,marriage_sd,divorce_sd,pop_med,poplt5_med,pop5_17_med,pop18p_med,pop65p_med,popurban_med,medage_med,death_med,marriage_med,divorce_med,pop_n,poplt5_n,pop5_17_n,pop18p_n,pop65p_n,popurban_n,medage_n,death_n,marriage_n,divorce_n
NE,5459476,344754.56,1108908.4,4005813,674648.75,4322838.5,31.233334,52996.109,44479.223,19304.334,5925235.5,380221.16,1194131.4,4351278,738786.44,4918176.5,1.0234743,59289.852,47567.172,19577.209,3107576,185188,637731,2284657,364864,2449774,31.799999,26005,26048,13488,9,9,9,9,9,9,9,9,9,9
N Cntrl,4905472.5,365020.84,1044849.8,3495602,557655.75,3459978.8,29.525,43311.5,47436.418,24335.834,3750093.8,272761.59,809765.81,2668608.3,389937.94,3005115,.70081133,33059.965,35295.582,19684.004,4390868.5,327094.5,936449,3126054.5,521880.5,2872967,29.549999,36333.5,39376,16458.5,12,12,12,12,12,12,12,12,12,12
South,4670877,344215.5,999167.56,3327493.8,525850.25,3110995.3,29.61875,40662.938,54687.688,27763.438,3277853,251927.22,690215.25,2350850,416713.97,2828293.5,1.6837335,27726.547,41312.848,23919.682,4049894,289571.5,880546,2803536,407053.5,2555643,29.700001,34665,46613.5,20861.5,16,16,16,16,16,16,16,16,16,16
West,3320960.8,255646.16,676348.25,2388966.5,330602.16,2785495.5,28.284616,25107.924,41578.23,21076,6217176.5,444358.72,1224280,4549339,638654.75,5724349.5,1.7752211,49307.297,58475.398,34656.484,1302894,114731,303176,884987,109220,939963,28.6,8103,16958,10426,13,13,13,13,13,13,13,13,13,13
